name,company,phone_number,email
Nola,Tincidunt Tempus Corporation,(985) 840-0903,Etiam@Praesenteu.org
Sonia,Malesuada Consulting,(924) 527-5933,hymenaeos.Mauris.ut@pretiumnequeMorbi.com
Reed,Ac LLC,(569) 630-5604,amet.consectetuer@adipiscing.org
Chaim,Consectetuer Cursus Consulting,(404) 291-2749,adipiscing@dolordolor.ca
Cassidy,Quis Massa Corp.,(468) 525-6359,Integer@quisturpisvitae.edu
Leigh,Vel Convallis Corp.,(101) 108-7775,aliquet.lobortis.nisi@atpede.org
Zane,Est Ltd,(487) 988-4605,ridiculus.mus@lacusvarius.co.uk
Channing,Ac LLC,(442) 168-4347,convallis.est@Crasdictum.net
Donovan,Dictum PC,(329) 297-5544,egestas.lacinia@felisegetvarius.edu
Wynne,Imperdiet Ullamcorper LLC,(800) 914-9074,lorem.eu@blanditcongue.net
Omar,Euismod Corp.,(414) 587-4872,nec@semper.org
Cedric,Imperdiet Ornare In Industries,(603) 200-2976,mollis.Duis.sit@tempor.net
Jillian,Vivamus Euismod Corporation,(173) 782-0498,vitae@semperrutrumFusce.com
Kaye,Nec Imperdiet Industries,(575) 434-9452,a.mi.fringilla@iaculislacuspede.edu
Yuli,Molestie Consulting,(409) 972-3210,turpis.Nulla@vulputate.co.uk
Jael,Nunc Consulting,(554) 512-2758,lobortis@eratsemperrutrum.ca
Natalie,Ornare Lectus Associates,(818) 845-0259,Suspendisse@sapien.edu
Adrienne,Amet Lorem Incorporated,(450) 945-9234,cursus@Ut.com
Trevor,Blandit PC,(175) 239-6841,sit@ut.net
Erica,Nec Orci Donec Industries,(969) 501-9656,Aenean.euismod.mauris@hendreritconsectetuer.org